<?xml version="1.0" encoding="UTF-8" standalone="no"?><rts:routes xmlns:rts="http://www.mmarini.org/routes-3-0-0" xmlns:xsi="http://www.w3.org/2001/XMLSchema-instance" xsi:schemaLocation="http://www.mmarini.org/routes-3-0-0 routes-3-0-0.xsd"><default><frequence>1</frequence><speedLimit>130.0</speedLimit></default><node id="Node_0"><x>-9.0</x><y>-72.0</y></node><node id="Node_1"><x>-9.0</x><y>-35.0</y></node><node id="Node_2"><x>-9.0</x><y>35.0</y></node><node id="Node_3"><x>-72.0</x><y>-9.0</y></node><node id="Node_4"><x>-35.0</x><y>-9.0</y></node><node id="Node_5"><x>35.0</x><y>-9.0</y></node><node id="Node_6"><x>72.0</x><y>-9.0</y></node><node id="Node_7"><x>9.0</x><y>-72.0</y></node><node id="Node_8"><x>9.0</x><y>-35.0</y></node><node id="Node_9"><x>9.0</x><y>35.0</y></node><node id="Node_10"><x>-35.0</x><y>9.0</y></node><node id="Node_11"><x>35.0</x><y>9.0</y></node><node id="Node_12"><x>-109.0</x><y>9.0</y></node><node id="Node_13"><x>-109.0</x><y>3.0</y></node><node id="Node_14"><x>-72.0</x><y>3.0</y></node><node id="Node_15"><x>-109.0</x><y>-9.0</y></node><node id="Node_16"><x>-109.0</x><y>-3.0</y></node><node id="Node_17"><x>109.0</x><y>9.0</y></node><node id="Node_18"><x>109.0</x><y>3.0</y></node><node id="Node_19"><x>109.0</x><y>-3.0</y></node><node id="Node_20"><x>72.0</x><y>-3.0</y></node><node id="Node_21"><x>109.0</x><y>-9.0</y></node><node id="Node_22"><x>-9.0</x><y>-109.0</y></node><node id="Node_23"><x>9.0</x><y>-109.0</y></node><node id="Node_24"><x>-3.0</x><y>-109.0</y></node><node id="Node_25"><x>3.0</x><y>52.0</y></node><node id="Node_26"><x>3.0</x><y>-109.0</y></node><node id="Node_27"><x>-3.0</x><y>52.0</y></node><node id="Node_28"><x>1.0</x><y>3.0</y></node><node id="Node_29"><x>-75.0</x><y>3.0</y></node><edge><start>Node_0</start><end>Node_1</end><priority>1</priority></edge><edge><start>Node_1</start><end>Node_2</end></edge><edge><start>Node_12</start><end>Node_10</end><priority>1</priority></edge><edge><start>Node_10</start><end>Node_11</end></edge><edge><start>Node_6</start><end>Node_7</end></edge><edge><start>Node_0</start><end>Node_3</end></edge><edge><start>Node_4</start><end>Node_1</end></edge><edge><start>Node_8</start><end>Node_5</end></edge><edge><start>Node_11</start><end>Node_9</end></edge><edge><start>Node_2</start><end>Node_10</end></edge><edge><start>Node_13</start><end>Node_14</end><priority>1</priority></edge><edge><start>Node_3</start><end>Node_15</end></edge><edge><start>Node_11</start><end>Node_17</end></edge><edge><start>Node_19</start><end>Node_20</end><priority>1</priority></edge><edge><start>Node_21</start><end>Node_6</end></edge><edge><start>Node_12</start><end>Node_14</end></edge><edge><start>Node_28</start><end>Node_18</end></edge><edge><start>Node_3</start><end>Node_16</end></edge><edge><start>Node_20</start><end>Node_16</end><priority>1</priority></edge><edge><start>Node_21</start><end>Node_20</end></edge><edge><start>Node_22</start><end>Node_0</end><priority>1</priority></edge><edge><start>Node_7</start><end>Node_23</end></edge><edge><start>Node_25</start><end>Node_26</end><priority>1</priority></edge><edge><start>Node_7</start><end>Node_26</end></edge><edge><start>Node_11</start><end>Node_25</end><priority>1</priority></edge><edge><start>Node_24</start><end>Node_27</end><speedLimit>130.0000103314723</speedLimit></edge><edge><start>Node_27</start><end>Node_10</end></edge><edge><start>Node_24</start><end>Node_0</end><speedLimit>130.0000068876481</speedLimit></edge><edge><start>Node_10</start><end>Node_28</end><priority>1</priority></edge><edge><start>Node_14</start><end>Node_28</end><priority>1</priority></edge><edge><start>Node_6</start><end>Node_5</end><priority>1</priority></edge><edge><start>Node_5</start><end>Node_4</end></edge><edge><start>Node_4</start><end>Node_3</end><priority>1</priority></edge><edge><start>Node_9</start><end>Node_8</end></edge><edge><start>Node_8</start><end>Node_7</end><priority>1</priority></edge><edge><start>Node_29</start><end>Node_11</end><speedLimit>130.00018252279853</speedLimit></edge><edge><start>Node_19</start><end>Node_6</end><speedLimit>130.00019285428536</speedLimit></edge><edge><start>Node_20</start><end>Node_4</end><speedLimit>130.00020318577305</speedLimit></edge></rts:routes>