<?xml version="1.0" encoding="UTF-8" standalone="no"?><rts:routes xmlns:rts="http://www.mmarini.org/routes-3-0-0" xmlns:xsi="http://www.w3.org/2001/XMLSchema-instance" xsi:schemaLocation="http://www.mmarini.org/routes-3-0-0 routes-3-0-0.xsd"><default><frequence>1.5</frequence><speedLimit>130.0</speedLimit></default><node id="Node_0"><x>-32.0</x><y>19.0</y></node><node id="Node_1"><x>-32.0</x><y>-19.0</y></node><node id="Node_2"><x>0.0</x><y>-37.0</y></node><node id="Node_3"><x>32.0</x><y>-19.0</y></node><node id="Node_4"><x>32.0</x><y>19.0</y></node><node id="Node_5"><x>0.0</x><y>37.0</y></node><node id="Node_6"><x>-37.0</x><y>-57.0</y></node><node id="Node_7"><x>66.0</x><y>-3.0</y></node><node id="Node_8"><x>66.0</x><y>3.0</y></node><node id="Node_9"><x>-37.0</x><y>57.0</y></node><node id="Node_10"><x>-31.0</x><y>-59.0</y></node><node id="Node_11"><x>-31.0</x><y>59.0</y></node><edge><start>Node_7</start><end>Node_3</end><speedLimit>130.00002755059464</speedLimit></edge><edge><start>Node_4</start><end>Node_8</end><speedLimit>130.00002755059464</speedLimit><priority>1</priority></edge><edge><start>Node_3</start><end>Node_2</end><speedLimit>130.0000068876481</speedLimit></edge><edge><start>Node_4</start><end>Node_3</end><speedLimit>130.0000137752966</speedLimit><priority>1</priority></edge><edge><start>Node_2</start><end>Node_1</end><priority>1</priority></edge><edge><start>Node_1</start><end>Node_0</end></edge><edge><start>Node_0</start><end>Node_5</end><priority>1</priority></edge><edge><start>Node_5</start><end>Node_4</end><speedLimit>130.0000068876481</speedLimit></edge><edge><start>Node_0</start><end>Node_9</end><speedLimit>124.96723873202022</speedLimit><priority>1</priority></edge><edge><start>Node_2</start><end>Node_10</end><speedLimit>124.96725859502975</speedLimit><priority>1</priority></edge><edge><start>Node_11</start><end>Node_5</end><speedLimit>124.96724535302302</speedLimit></edge><edge><start>Node_6</start><end>Node_1</end><speedLimit>130.00005165736977</speedLimit></edge><edge><start>Node_11</start><end>Node_8</end><speedLimit>90.00000953674382</speedLimit></edge><edge><start>Node_7</start><end>Node_10</end><speedLimit>90.00002145767498</speedLimit></edge><edge><start>Node_6</start><end>Node_9</end><speedLimit>90.00001907348862</speedLimit></edge></rts:routes>