<?xml version="1.0" encoding="UTF-8" standalone="no"?><rts:routes xmlns:rts="http://www.mmarini.org/routes-3-0-0" xmlns:xsi="http://www.w3.org/2001/XMLSchema-instance" xsi:schemaLocation="http://www.mmarini.org/routes-3-0-0 routes-3-0-0.xsd"><default><frequence>1</frequence><speedLimit>130.0</speedLimit></default><node id="Node_0"><x>-3.0</x><y>-66.0</y></node><node id="Node_1"><x>-3.0</x><y>-29.0</y></node><node id="Node_2"><x>-3.0</x><y>29.0</y></node><node id="Node_3"><x>-3.0</x><y>66.0</y></node><node id="Node_4"><x>-66.0</x><y>-3.0</y></node><node id="Node_5"><x>-29.0</x><y>-3.0</y></node><node id="Node_6"><x>29.0</x><y>-3.0</y></node><node id="Node_7"><x>66.0</x><y>-3.0</y></node><node id="Node_8"><x>3.0</x><y>-66.0</y></node><node id="Node_9"><x>3.0</x><y>-29.0</y></node><node id="Node_10"><x>3.0</x><y>29.0</y></node><node id="Node_11"><x>3.0</x><y>66.0</y></node><node id="Node_12"><x>-66.0</x><y>3.0</y></node><node id="Node_13"><x>-29.0</x><y>3.0</y></node><node id="Node_14"><x>29.0</x><y>3.0</y></node><node id="Node_15"><x>66.0</x><y>3.0</y></node><edge><start>Node_0</start><end>Node_1</end><priority>1</priority></edge><edge><start>Node_1</start><end>Node_2</end></edge><edge><start>Node_2</start><end>Node_3</end><priority>1</priority></edge><edge><start>Node_12</start><end>Node_13</end><priority>1</priority></edge><edge><start>Node_13</start><end>Node_14</end></edge><edge><start>Node_14</start><end>Node_15</end><priority>1</priority></edge><edge><start>Node_12</start><end>Node_3</end></edge><edge><start>Node_11</start><end>Node_15</end></edge><edge><start>Node_7</start><end>Node_8</end></edge><edge><start>Node_0</start><end>Node_4</end></edge><edge><start>Node_5</start><end>Node_1</end></edge><edge><start>Node_9</start><end>Node_6</end></edge><edge><start>Node_14</start><end>Node_10</end></edge><edge><start>Node_2</start><end>Node_13</end></edge><edge><start>Node_7</start><end>Node_6</end><priority>1</priority></edge><edge><start>Node_5</start><end>Node_4</end><priority>1</priority></edge><edge><start>Node_6</start><end>Node_5</end></edge><edge><start>Node_11</start><end>Node_10</end><priority>1</priority></edge><edge><start>Node_10</start><end>Node_9</end></edge><edge><start>Node_9</start><end>Node_8</end><priority>1</priority></edge></rts:routes>