<?xml version="1.0" encoding="UTF-8" standalone="no"?><rts:routes xmlns:rts="http://www.mmarini.org/routes-3-0-0" xmlns:xsi="http://www.w3.org/2001/XMLSchema-instance" xsi:schemaLocation="http://www.mmarini.org/routes-3-0-0 routes-3-0-0.xsd"><default><frequence>1</frequence><speedLimit>130.0</speedLimit></default><node id="Node_0"><x>-9.0</x><y>-72.0</y></node><node id="Node_1"><x>-9.0</x><y>-35.0</y></node><node id="Node_2"><x>-9.0</x><y>35.0</y></node><node id="Node_3"><x>-9.0</x><y>72.0</y></node><node id="Node_4"><x>-72.0</x><y>-9.0</y></node><node id="Node_5"><x>-35.0</x><y>-9.0</y></node><node id="Node_6"><x>35.0</x><y>-9.0</y></node><node id="Node_7"><x>72.0</x><y>-9.0</y></node><node id="Node_8"><x>9.0</x><y>-72.0</y></node><node id="Node_9"><x>9.0</x><y>-35.0</y></node><node id="Node_10"><x>9.0</x><y>35.0</y></node><node id="Node_11"><x>9.0</x><y>72.0</y></node><node id="Node_12"><x>-72.0</x><y>9.0</y></node><node id="Node_13"><x>-35.0</x><y>9.0</y></node><node id="Node_14"><x>35.0</x><y>9.0</y></node><node id="Node_15"><x>72.0</x><y>9.0</y></node><node id="Node_16"><x>-109.0</x><y>9.0</y></node><node id="Node_17"><x>-109.0</x><y>3.0</y></node><node id="Node_18"><x>-72.0</x><y>3.0</y></node><node id="Node_19"><x>-109.0</x><y>-9.0</y></node><node id="Node_20"><x>-109.0</x><y>-3.0</y></node><node id="Node_21"><x>109.0</x><y>9.0</y></node><node id="Node_22"><x>109.0</x><y>3.0</y></node><node id="Node_23"><x>109.0</x><y>-3.0</y></node><node id="Node_24"><x>72.0</x><y>-3.0</y></node><node id="Node_25"><x>109.0</x><y>-9.0</y></node><node id="Node_26"><x>-9.0</x><y>-109.0</y></node><node id="Node_27"><x>9.0</x><y>-109.0</y></node><node id="Node_28"><x>-9.0</x><y>109.0</y></node><node id="Node_29"><x>9.0</x><y>109.0</y></node><node id="Node_30"><x>-3.0</x><y>-109.0</y></node><node id="Node_31"><x>-3.0</x><y>-72.0</y></node><node id="Node_32"><x>-3.0</x><y>109.0</y></node><node id="Node_33"><x>3.0</x><y>109.0</y></node><node id="Node_34"><x>3.0</x><y>72.0</y></node><node id="Node_35"><x>3.0</x><y>-109.0</y></node><edge><start>Node_0</start><end>Node_1</end><priority>1</priority></edge><edge><start>Node_1</start><end>Node_2</end></edge><edge><start>Node_2</start><end>Node_3</end><priority>1</priority></edge><edge><start>Node_12</start><end>Node_13</end><priority>1</priority></edge><edge><start>Node_13</start><end>Node_14</end></edge><edge><start>Node_14</start><end>Node_15</end><priority>1</priority></edge><edge><start>Node_12</start><end>Node_3</end></edge><edge><start>Node_11</start><end>Node_15</end></edge><edge><start>Node_7</start><end>Node_8</end></edge><edge><start>Node_0</start><end>Node_4</end></edge><edge><start>Node_5</start><end>Node_1</end></edge><edge><start>Node_9</start><end>Node_6</end></edge><edge><start>Node_14</start><end>Node_10</end></edge><edge><start>Node_2</start><end>Node_13</end></edge><edge><start>Node_16</start><end>Node_12</end></edge><edge><start>Node_17</start><end>Node_18</end><priority>1</priority></edge><edge><start>Node_4</start><end>Node_19</end></edge><edge><start>Node_15</start><end>Node_21</end></edge><edge><start>Node_23</start><end>Node_24</end><priority>1</priority></edge><edge><start>Node_25</start><end>Node_7</end></edge><edge><start>Node_16</start><end>Node_18</end></edge><edge><start>Node_15</start><end>Node_22</end></edge><edge><start>Node_18</start><end>Node_22</end><priority>1</priority></edge><edge><start>Node_4</start><end>Node_20</end></edge><edge><start>Node_24</start><end>Node_20</end><priority>1</priority></edge><edge><start>Node_25</start><end>Node_24</end></edge><edge><start>Node_26</start><end>Node_0</end></edge><edge><start>Node_8</start><end>Node_27</end></edge><edge><start>Node_3</start><end>Node_28</end></edge><edge><start>Node_29</start><end>Node_11</end></edge><edge><start>Node_30</start><end>Node_31</end><priority>1</priority></edge><edge><start>Node_31</start><end>Node_32</end><priority>1</priority></edge><edge><start>Node_33</start><end>Node_34</end><priority>1</priority></edge><edge><start>Node_34</start><end>Node_35</end><speedLimit>130.0000068876481</speedLimit><priority>1</priority></edge><edge><start>Node_26</start><end>Node_31</end></edge><edge><start>Node_8</start><end>Node_35</end></edge><edge><start>Node_3</start><end>Node_32</end></edge><edge><start>Node_29</start><end>Node_34</end></edge><edge><start>Node_7</start><end>Node_6</end><speedLimit>130.0000068876481</speedLimit><priority>1</priority></edge><edge><start>Node_6</start><end>Node_5</end><speedLimit>130.0000068876481</speedLimit></edge><edge><start>Node_5</start><end>Node_4</end><speedLimit>130.0000068876481</speedLimit><priority>1</priority></edge><edge><start>Node_11</start><end>Node_10</end><speedLimit>130.0000068876481</speedLimit><priority>1</priority></edge><edge><start>Node_10</start><end>Node_9</end><speedLimit>130.0000068876481</speedLimit></edge><edge><start>Node_9</start><end>Node_8</end><speedLimit>130.0000068876481</speedLimit><priority>1</priority></edge><edge><start>Node_17</start><end>Node_12</end><speedLimit>130.00006887649758</speedLimit></edge><edge><start>Node_18</start><end>Node_14</end><speedLimit>130.00007920797538</speedLimit></edge><edge><start>Node_24</start><end>Node_5</end><speedLimit>130.00008953945402</speedLimit></edge><edge><start>Node_23</start><end>Node_7</end><speedLimit>130.00009987093344</speedLimit></edge><edge><start>Node_30</start><end>Node_0</end><speedLimit>130.0001102024137</speedLimit></edge><edge><start>Node_31</start><end>Node_2</end><speedLimit>130.00012053389477</speedLimit></edge><edge><start>Node_34</start><end>Node_9</end><speedLimit>130.0001308653767</speedLimit></edge><edge><start>Node_33</start><end>Node_11</end><speedLimit>130.00014119685943</speedLimit></edge></rts:routes>