<?xml version="1.0" encoding="UTF-8" standalone="no"?><rts:routes xmlns:rts="http://www.mmarini.org/routes-3-0-0" xmlns:xsi="http://www.w3.org/2001/XMLSchema-instance" xsi:schemaLocation="http://www.mmarini.org/routes-3-0-0 routes-3-0-0.xsd"><default><frequence>1</frequence><speedLimit>130.0</speedLimit></default><node id="Node_0"><x>-3.0</x><y>-77.0</y></node><node id="Node_1"><x>-18.0</x><y>-44.0</y></node><node id="Node_2"><x>-44.0</x><y>-18.0</y></node><node id="Node_3"><x>-44.0</x><y>19.0</y></node><node id="Node_4"><x>-18.0</x><y>45.0</y></node><node id="Node_5"><x>19.0</x><y>45.0</y></node><node id="Node_6"><x>45.0</x><y>19.0</y></node><node id="Node_7"><x>45.0</x><y>-18.0</y></node><node id="Node_8"><x>19.0</x><y>-44.0</y></node><node id="Node_9"><x>3.0</x><y>-77.0</y></node><node id="Node_10"><x>-77.0</x><y>3.0</y></node><node id="Node_11"><x>-77.0</x><y>-3.0</y></node><node id="Node_12"><x>78.0</x><y>3.0</y></node><node id="Node_13"><x>78.0</x><y>-3.0</y></node><edge><start>Node_0</start><end>Node_1</end></edge><edge><start>Node_1</start><end>Node_2</end></edge><edge><start>Node_2</start><end>Node_3</end><priority>1</priority></edge><edge><start>Node_3</start><end>Node_4</end></edge><edge><start>Node_4</start><end>Node_5</end><priority>1</priority></edge><edge><start>Node_5</start><end>Node_6</end></edge><edge><start>Node_6</start><end>Node_7</end><priority>1</priority></edge><edge><start>Node_7</start><end>Node_8</end></edge><edge><start>Node_8</start><end>Node_1</end><priority>1</priority></edge><edge><start>Node_8</start><end>Node_9</end></edge><edge><start>Node_10</start><end>Node_3</end></edge><edge><start>Node_2</start><end>Node_11</end></edge><edge><start>Node_6</start><end>Node_12</end></edge><edge><start>Node_13</start><end>Node_7</end></edge><edge><start>Node_10</start><end>Node_12</end><priority>1</priority></edge><edge><start>Node_13</start><end>Node_11</end><priority>1</priority></edge></rts:routes>